employee_id,department,role,tenure,interview_text
EMP001,Marketing,Marketing Manager,3-5 years,"I've decided to leave for better growth opportunities. The team here is amazing, but I felt I was hitting a ceiling in terms of advancement. My manager was supportive but couldn't offer the senior role I was looking for. The work-life balance was good, but compensation was below market rate for my experience level."
EMP002,Marketing,Content Writer,1-3 years,"I'm leaving to pursue a role that allows me to focus more on creative writing. While I enjoyed my time here, the workload was often overwhelming with tight deadlines. The remote work policy helped, but I frequently worked late to meet campaign deadlines. My colleagues were supportive, but the department needs more staff."
EMP003,Marketing,Digital Marketing Specialist,1-3 years,"I accepted a position with a competitor that offers 20% higher salary and better benefits. The team culture was excellent here, but the tools and technologies we used were outdated compared to industry standards. I suggested upgrades several times but budget constraints were always cited as the reason for not implementing changes."
EMP004,Full Stack,Senior Developer,3-5 years,"I'm leaving due to burnout from the constant pressure to deliver with unrealistic deadlines. The technical challenges were interesting, but the sprint planning never accounted for unexpected issues or technical debt. I regularly worked weekends to meet release schedules, which affected my personal life and health."
EMP005,Full Stack,Frontend Developer,1-3 years,"I'm relocating to another city for personal reasons. I enjoyed working with the team and learning from more experienced developers. The company's commitment to code quality and testing was impressive, and I appreciated the weekly learning sessions. If not for the relocation, I would have stayed longer."
EMP006,Full Stack,Backend Developer,Less than 1 year,"I found the onboarding process disorganized and didn't receive adequate training or documentation to be effective in my role. When I asked questions, responses were delayed or incomplete. The codebase had little documentation, making it difficult to understand the architecture. I felt set up to fail."
EMP007,Data Science,Data Analyst,1-3 years,"I'm leaving for a position that offers more specialized work in machine learning, which aligns better with my career goals. The projects here were interesting but focused more on reporting than predictive analytics. My manager was supportive of my career aspirations and understood my decision to pursue more specialized work."
EMP008,Data Science,Data Engineer,3-5 years,"After five years, I felt I needed a new challenge. The company's data infrastructure needs modernization, and I suggested several improvements that weren't implemented due to cost concerns. The data governance policies were also outdated, creating compliance risks that I repeatedly highlighted to management."
EMP009,Data Science,ML Engineer,1-3 years,"I'm joining a research-focused organization where I can contribute to cutting-edge ML applications. While the team here was collaborative, the projects were primarily focused on business applications rather than innovation. The computing resources were also limited for the scale of models we needed to build."
EMP010,AI,AI Researcher,1-3 years,"I received an offer to join a specialized AI research team with access to more substantial computing resources and research funding. The salary increase was significant, but more importantly, I'll be able to publish my work and collaborate with academic institutions. The intellectual property policies here were too restrictive."
EMP011,AI,Computer Vision Engineer,3-5 years,"I'm leaving primarily due to compensation. Despite receiving excellent performance reviews, my salary adjustments didn't keep pace with the market rate for my specialized skills. I raised this during my last two reviews, but the increases were minimal. The work was engaging, but I need to prioritize financial stability."
EMP012,AI,NLP Specialist,Less than 1 year,"The role description during the interview process didn't match the actual job responsibilities. I was hired to develop NLP models but spent most of my time doing data cleaning and basic analytics. When I discussed this discrepancy with my manager, there was acknowledgment but no change in project assignments."
EMP013,DevOps,DevOps Engineer,1-3 years,"I'm leaving due to the lack of investment in automation and modern CI/CD practices. Despite advocating for better tools and processes, we continued with manual deployments that were error-prone and time-consuming. The on-call rotation was also exhausting, with frequent after-hours issues due to the fragile infrastructure."
EMP014,DevOps,Site Reliability Engineer,3-5 years,"After four years, I'm seeking a role with more focus on strategic infrastructure planning. The team here is reactive rather than proactive, constantly putting out fires instead of building resilient systems. Budget constraints were cited whenever I proposed architectural improvements to prevent recurring issues."
EMP015,DevOps,Cloud Architect,1-3 years,"I've accepted a position that offers more exposure to multi-cloud environments. While our AWS infrastructure is solid, I'm interested in working with Google Cloud and Azure as well for broader experience. My manager was supportive but couldn't offer projects with these technologies due to organizational constraints."
EMP016,Quality Assurance,QA Manager,3-5 years,"I'm leaving due to a major disagreement with senior management about quality standards. There's been increasing pressure to release features faster by reducing testing cycles, which I believe compromises product quality. My concerns were dismissed as being too cautious, creating an ethical dilemma for me in my role."
EMP017,Quality Assurance,Test Automation Engineer,1-3 years,"The company's commitment to test automation was more theoretical than practical. Despite having approval to implement automation frameworks, the developers rarely prioritized testability, and management was unwilling to adjust sprint commitments to accommodate automation work. This created a frustrating cycle of manual testing."
EMP018,Quality Assurance,Manual Tester,Less than 1 year,"I'm seeking a role with more opportunities to learn automation skills. Despite expressing interest in transitioning to test automation, I was kept in manual testing while automation positions were filled externally. My career development plan wasn't being honored, and I need to grow my technical skills to remain competitive."
EMP019,Project Management,Project Manager,3-5 years,"I'm leaving due to the matrix management structure that created constant conflicts over resource allocation. Projects were frequently delayed due to competing priorities, yet executives expected original deadlines to be met. This created an environment where project managers were set up for failure despite their best efforts."
EMP020,Project Management,Scrum Master,1-3 years,"The company's implementation of Agile was superficial, with leadership still expecting detailed long-term plans while claiming to be Agile. This contradiction created frustration for the development teams and put Scrum Masters in an impossible position. Despite training sessions for executives, there was no real cultural change."
EMP021,Project Management,Program Manager,3-5 years,"After managing the same program for years, I'm seeking new challenges. While the team was excellent, the program has become stable and requires less strategic input now. I've learned a lot here but need to diversify my experience with different types of projects and industries to continue my professional growth."
EMP022,Business Development,Business Development Manager,1-3 years,"The sales targets increased every quarter without corresponding increases in territory or product offerings, making them increasingly unattainable. This created a stressful environment where even top performers felt they were failing. The commission structure also changed unfavorably, reducing earnings despite more effort."
EMP023,Business Development,Strategic Partnerships Lead,3-5 years,"I'm leaving because the company's product roadmap has shifted away from partnerships, limiting the potential impact of my role. The new strategy focuses on direct sales, and while I understand the business decision, it means my expertise in building partner ecosystems is no longer aligned with company priorities."
EMP024,Business Development,Market Research Analyst,Less than 1 year,"My research findings were frequently ignored when they didn't align with executives' preconceived ideas about the market. This defeated the purpose of conducting objective research and created a frustrating situation where I felt my work was merely a checkbox exercise rather than a genuine input to strategy."
EMP025,Sales,Sales Manager,3-5 years,"After consistently exceeding quotas, I was disappointed by the lack of advancement opportunities. The company tends to hire leadership externally rather than promoting from within, which creates a ceiling for internal talent. The compensation was competitive, but I need a path to higher leadership roles for my career progression."
EMP026,Sales,Account Executive,1-3 years,"The product development has slowed significantly, making it difficult to compete with more innovative offerings in the market. Customers frequently ask for features that have been on the roadmap for years, and I've lost deals due to these gaps. As a salesperson, I need a competitive product to be successful."
EMP027,Sales,Sales Development Representative,Less than 1 year,"The leads provided to the SDR team were poor quality, making it nearly impossible to meet outreach targets with meaningful conversations. Despite raising this issue repeatedly, the marketing team continued to prioritize lead quantity over quality, creating a frustrating situation for the entire sales development team."
EMP028,Blockchain,Blockchain Developer,1-3 years,"I'm joining a company that's making blockchain their primary focus rather than a side project. While the work here was interesting, blockchain initiatives were always secondary to the main product line, limiting their scope and impact. The new role offers deeper involvement in protocol development and industry standards."
EMP029,Blockchain,Smart Contract Auditor,3-5 years,"The company's pivot away from blockchain applications has reduced the relevance of my specialized skills. While I was offered a transition to a general security role, my expertise and interest remain in blockchain security specifically. The decision to scale back blockchain initiatives is understandable but doesn't align with my career path."
EMP030,Blockchain,Blockchain Architect,Less than 1 year,"There was a significant disconnect between the company's blockchain ambitions as described during recruitment and the reality of their commitment to the technology. Projects were frequently deprioritized or canceled, and there was limited investment in the specialized infrastructure needed for blockchain development and testing."
EMP031,Marketing,Social Media Specialist,1-3 years,"The approval process for social media content was too bureaucratic, requiring sign-offs from multiple departments which limited our ability to be timely and responsive. In social media marketing, agility is crucial, but our posts often took weeks to approve, by which time the relevance was lost. I raised this issue multiple times but the process didn't improve."
EMP032,Full Stack,Junior Developer,Less than 1 year,"The mentorship I was promised during hiring never materialized. Senior developers were too busy with their own deliverables to provide guidance, and there was no structured training program. I had to learn critical systems through trial and error, which was stressful and inefficient. I'm seeking an environment with better support for junior talent."
EMP033,Data Science,Senior Data Scientist,More than 5 years,"After seven years, I feel I've contributed all I can to this organization. The company has been good to me, with fair compensation and interesting problems to solve. My departure is simply about seeking new challenges and perspectives. I remain a strong advocate for the company and would recommend it to others in my field."
EMP034,AI,AI Product Manager,3-5 years,"The disconnect between the AI team's technical capabilities and the sales team's promises to clients created constant crisis management. Features would be promised to customers before they were technically validated, creating impossible deadlines and scope creep. This cycle of overpromising led to burnout across the AI team."
EMP035,DevOps,Infrastructure Manager,More than 5 years,"The company's reluctance to invest in infrastructure modernization has created significant technical debt. We're operating systems that are increasingly difficult to maintain and secure. Despite presenting detailed business cases showing the long-term cost benefits of modernization, budgets were consistently directed elsewhere."
EMP036,Quality Assurance,Security Testing Specialist,1-3 years,"My repeated warnings about security vulnerabilities were deprioritized in favor of new feature development. This created an ethical dilemma for me as I was aware of risks that weren't being addressed. The recent security breach was unfortunately predictable and could have been prevented if security testing recommendations had been implemented."
EMP037,Project Management,Product Owner,3-5 years,"The company's decision-making process became increasingly top-down, with executives dictating product features without user research to support these decisions. As a Product Owner, I was put in the position of having to rationalize and prioritize features I knew our users didn't need, which conflicted with my professional principles."
EMP038,Business Development,Proposal Writer,1-3 years,"The overwhelming workload with constant last-minute RFP responses created an unsustainable work environment. The team was understaffed for the volume of proposals we were expected to produce, leading to regular weekend work and overnight sessions. Despite raising burnout concerns, no additional resources were allocated."
EMP039,Sales,Enterprise Sales Director,More than 5 years,"After eight successful years, I'm leaving for a leadership position that allows me to build and mentor a team. My experience here has been positive, with strong product-market fit making sales relatively straightforward. The company has treated me well, and I'm departing on excellent terms to pursue the next stage of my career."
EMP040,Blockchain,Tokenomics Specialist,1-3 years,"The market downturn led to a reprioritization away from token-based projects, effectively eliminating the need for my specialized role. While I understand the business rationale, it means there's no longer a path for me to apply my specific expertise. I appreciate the company's transparency about the strategic shift."
EMP041,Marketing,Brand Manager,3-5 years,"The constant reorganizations and changing reporting structures created instability that made it difficult to execute long-term brand initiatives. In the past four years, I reported to five different directors, each with different priorities and approaches. This lack of consistency prevented us from building a coherent brand strategy."
EMP042,Full Stack,Tech Lead,More than 5 years,"The technical vision I advocated for was repeatedly compromised by short-term business pressures. We accumulated so much technical debt that innovation became nearly impossible, with most resources dedicated to maintaining increasingly fragile systems. I need an environment where technical excellence is valued alongside business outcomes."
EMP043,Data Science,BI Developer,1-3 years,"I'm leaving due to the siloed data environment that makes it impossible to deliver meaningful insights. Critical data sources remain isolated in departmental systems, and my proposals for a unified data warehouse were repeatedly delayed. Without integrated data, the business intelligence function cannot deliver its full value."
EMP044,AI,Ethics Researcher,Less than 1 year,"There's a fundamental misalignment between the company's public statements on AI ethics and the actual implementation in products. When I raised concerns about potential biases in our models, I was told to focus on performance metrics instead. This gap between stated values and actions makes it impossible for me to continue in good conscience."
EMP045,DevOps,Release Manager,3-5 years,"The increasing frequency of releases without corresponding improvements in testing and validation has created an unsustainable operational risk. I've advocated for more robust pre-production validation, but business pressure to release quickly always overrides quality concerns. I can't continue to be responsible for releases that I believe are too risky."
EMP046,Quality Assurance,Performance Test Engineer,1-3 years,"Despite identifying significant performance bottlenecks that affect user experience, these issues were consistently deprioritized in favor of new features. The product has become progressively slower, and customer complaints about performance are increasing. I'm seeking a role where non-functional requirements are given appropriate priority."
EMP047,Project Management,Agile Coach,3-5 years,"The company's commitment to Agile transformation was superficial, with leadership wanting the benefits but unwilling to make fundamental changes to hierarchy and decision-making processes. As an Agile Coach, I was put in the position of advocating for practices that management had no intention of fully implementing."
EMP048,Business Development,Client Success Manager,1-3 years,"The mismatch between what sales promised to clients and what the product could actually deliver created constant escalations that fell to the client success team to resolve. We were set up to fail by overpromising during the sales process, leading to damaged client relationships and team burnout."
EMP049,Sales,Inside Sales Representative,Less than 1 year,"The sales training was inadequate for the complexity of the product, leaving me unprepared for technical questions from prospects. When I asked for additional product training, I was told to focus on making more calls instead. Without proper product knowledge, my conversion rates remained low, making it impossible to meet targets."
EMP050,Blockchain,Blockchain Researcher,1-3 years,"The company's decision to patent blockchain innovations rather than contribute to open-source development conflicts with my personal values and career objectives. I believe blockchain technology benefits from collaborative, open development, and I'm seeking an environment that aligns with this philosophy."
